<?xml version="1.0"?>
<!--
    Add-on scheme version 3.0 description
    All parameters that are not marked as optional must be defined in the scheme.
    @edition_type - an optional attribute available for any element related to settings. This attribute defines editions where a setting is available. If this attribute is left empty, the value of the parent element will be used. If that value is not set either, then the value is considered ROOT.
-->
<addon scheme="3.0" edition_type="ROOT,ULT:VENDOR">
    <!-- Add-on identifier. It must be the same as the name of the directory with the files of the add-on. -->
    <id>begateway</id>
    <!-- Add-on version -->
    <version>1.5.4</version>
    <!-- The native (default) language of the add-on. It is an optional parameter; if not specified, the language will be recognized as English (EN). -->
    <default_language>en</default_language>
    <!-- Add-on's priority. The higher the priority, the later the add-on is connected. -->
    <priority>100</priority>
    <!-- The status to be set after the add-on installation (active/disabled); "disabled" by default. -->
    <status>active</status>
    <!-- Defines CS-Cart products in which the add-on will be automatically included in the list after installation. -->
    <auto_install>MULTIVENDOR,ULTIMATE</auto_install>
    <!-- The block that describes compatibility with CS-Cart versions and editions, other add-ons, PHP versions, and PHP extensions. -->
    <compatibility>
        <!-- Checking CS-Cart version. -->
        <core_version>
            <!-- The minimum version required. -->
            <min>4.3.2</min>
            <!-- The maximum version supported. -->
            <max>4.16.1</max>
        </core_version>
        <!-- Checking edition: cs-cart/multivendor. -->
        <core_edition>MULTIVENDOR</core_edition>
        <!-- Checking PHP version compatibility. -->
        <php_version>
            <!-- The minimum PHP version required. -->
            <min>5.3.6</min>
            <!-- The maximum PHP version supported. -->
            <max>8.2.5</max>
        </php_version>
        <!-- Checking compatibility with PHP extensions. -->
        <php_extensions>
            <!-- A required PHP extension. -->
            <curl>
                <supported>Y</supported>
            </curl>
            <json>
                <supported>Y</supported>
            </json>
        </php_extensions>
    </compatibility>
</addon>
